url,price,address,area,energy,rooms,bedrooms,bathrooms,year
https://www.funda.nl//en/detail/koop/amsterdam/appartement-lijnbaansgracht-163-2/80882563/,995000,1016 VX Amsterdam,179,B,4,3,1,1897
https://www.funda.nl/en/detail/koop/amsterdam/appartement-de-boelelaan-373/80883024/,420000,1082 RG Amsterdam,86,F,3,2,1,1964
https://www.funda.nl/en/detail/koop/amsterdam/appartement-tielstraat-37/80881404/,315000,1107 RA Amsterdam,70,A,3,2,1,1984
https://www.funda.nl/en/detail/koop/amsterdam/appartement-christiaan-de-wetstraat-31-a/80884428/,500000,1091 NG Amsterdam,58,D,2,1,1,1924
https://www.funda.nl/en/detail/koop/amsterdam/appartement-type-b-2-kamerappartement-bouwnr-c307/44452722/,345900,1069 EJ Amsterdam,43,A++,2,1,1,2027
https://www.funda.nl//en/detail/koop/amsterdam/appartement-3-kamersappartement-bouwnr-d0203/43344879/,498840,1068 MT Amsterdam,71,A+++,3,2,1,2026
https://www.funda.nl//en/detail/koop/amsterdam/appartement-type-c-3-kamerappartement-bouwnr-a001/44452508/,449900,1069 EJ Amsterdam,64,A++,3,2,1,2027
https://www.funda.nl//en/detail/koop/amsterdam/appartement-warmondstraat-158-1/44428857/,565000,1058 LA Amsterdam,55,C,2,1,1,1932
https://www.funda.nl//en/detail/koop/amsterdam/appartement-hiraistraat-5-b52/43248232/,575000,1101 DA Amsterdam,81,A++,3,2,1,2020
https://www.funda.nl//en/detail/koop/amsterdam/appartement-liftado-waterfront-95-100-bouwnr-557/43294107/,701000,1064 AB Amsterdam,89,A++,3,2,1,2028
